<component name="libraryTable">
  <library name="Gradle: androidx.camera:camera-core:1.0.0-alpha02@aar">
    <ANNOTATIONS>
      <root url="jar://$USER_HOME$/.gradle/caches/transforms-2/files-2.1/686d15a82f7a7adc705695c70849006e/jetified-camera-core-1.0.0-alpha02/annotations.zip!/" />
    </ANNOTATIONS>
    <CLASSES>
      <root url="jar://$USER_HOME$/.gradle/caches/transforms-2/files-2.1/686d15a82f7a7adc705695c70849006e/jetified-camera-core-1.0.0-alpha02/jars/classes.jar!/" />
      <root url="file://$USER_HOME$/.gradle/caches/transforms-2/files-2.1/686d15a82f7a7adc705695c70849006e/jetified-camera-core-1.0.0-alpha02/res" />
      <root url="file://$USER_HOME$/.gradle/caches/transforms-2/files-2.1/686d15a82f7a7adc705695c70849006e/jetified-camera-core-1.0.0-alpha02/AndroidManifest.xml" />
    </CLASSES>
    <JAVADOC />
    <SOURCES>
      <root url="jar://$USER_HOME$/.gradle/caches/modules-2/files-2.1/androidx.camera/camera-core/1.0.0-alpha02/be30573cd2992f64386721a1a4450bb47fd3426/camera-core-1.0.0-alpha02-sources.jar!/" />
    </SOURCES>
  </library>
</component>