<component name="libraryTable">
  <library name="Gradle: androidx.concurrent:concurrent-listenablefuture-callback:1.0.0-beta01">
    <CLASSES>
      <root url="jar://$USER_HOME$/.gradle/caches/modules-2/files-2.1/androidx.concurrent/concurrent-listenablefuture-callback/1.0.0-beta01/cf079e061ed320bfcac78c2ba4075d72167fa1ec/concurrent-listenablefuture-callback-1.0.0-beta01.jar!/" />
    </CLASSES>
    <JAVADOC />
    <SOURCES>
      <root url="jar://$USER_HOME$/.gradle/caches/modules-2/files-2.1/androidx.concurrent/concurrent-listenablefuture-callback/1.0.0-beta01/4c04cadb91a4eaf2ef5cfd1e63a02ba5c5e1c181/concurrent-listenablefuture-callback-1.0.0-beta01-sources.jar!/" />
    </SOURCES>
  </library>
</component>