<component name="libraryTable">
  <library name="Gradle: androidx.constraintlayout:constraintlayout:1.1.3@aar">
    <CLASSES>
      <root url="jar://$USER_HOME$/.gradle/caches/transforms-2/files-2.1/0686ca90b872620e1e93c4a9f2d2181e/constraintlayout-1.1.3/jars/classes.jar!/" />
      <root url="file://$USER_HOME$/.gradle/caches/transforms-2/files-2.1/0686ca90b872620e1e93c4a9f2d2181e/constraintlayout-1.1.3/res" />
      <root url="file://$USER_HOME$/.gradle/caches/transforms-2/files-2.1/0686ca90b872620e1e93c4a9f2d2181e/constraintlayout-1.1.3/AndroidManifest.xml" />
    </CLASSES>
    <JAVADOC />
    <SOURCES />
  </library>
</component>