<component name="libraryTable">
  <library name="Gradle: org.jetbrains.kotlin:kotlin-stdlib-common:1.3.72" type="kotlin.common">
    <CLASSES>
      <root url="jar://$USER_HOME$/.gradle/caches/modules-2/files-2.1/org.jetbrains.kotlin/kotlin-stdlib-common/1.3.72/6ca8bee3d88957eaaaef077c41c908c9940492d8/kotlin-stdlib-common-1.3.72.jar!/" />
    </CLASSES>
    <JAVADOC>
      <root url="jar://$USER_HOME$/.gradle/caches/modules-2/files-2.1/org.jetbrains.kotlin/kotlin-stdlib-common/1.3.72/b1d2ee58cf8c842c5143315cff20019a6173378d/kotlin-stdlib-common-1.3.72-javadoc.jar!/" />
    </JAVADOC>
    <SOURCES>
      <root url="jar://$USER_HOME$/.gradle/caches/modules-2/files-2.1/org.jetbrains.kotlin/kotlin-stdlib-common/1.3.72/8c35588215bc56f828c189e9edc37ee51672cf5c/kotlin-stdlib-common-1.3.72-sources.jar!/" />
    </SOURCES>
  </library>
</component>