<component name="libraryTable">
  <library name="Gradle: org.tensorflow:tensorflow-lite-gpu:0.0.0-nightly@aar">
    <CLASSES>
      <root url="jar://$USER_HOME$/.gradle/caches/transforms-2/files-2.1/e5bb84ba3299a534017769aebd77d86f/jetified-tensorflow-lite-gpu-0.0.0-nightly/jars/classes.jar!/" />
      <root url="file://$USER_HOME$/.gradle/caches/transforms-2/files-2.1/e5bb84ba3299a534017769aebd77d86f/jetified-tensorflow-lite-gpu-0.0.0-nightly/res" />
      <root url="file://$USER_HOME$/.gradle/caches/transforms-2/files-2.1/e5bb84ba3299a534017769aebd77d86f/jetified-tensorflow-lite-gpu-0.0.0-nightly/AndroidManifest.xml" />
    </CLASSES>
    <JAVADOC />
    <SOURCES />
  </library>
</component>