<component name="libraryTable">
  <library name="Gradle: org.tensorflow:tensorflow-lite:0.0.0-nightly@aar">
    <CLASSES>
      <root url="jar://$USER_HOME$/.gradle/caches/transforms-2/files-2.1/b7dd0fc79243eeec5a001431355fbe4a/jetified-tensorflow-lite-0.0.0-nightly/jars/classes.jar!/" />
      <root url="file://$USER_HOME$/.gradle/caches/transforms-2/files-2.1/b7dd0fc79243eeec5a001431355fbe4a/jetified-tensorflow-lite-0.0.0-nightly/res" />
      <root url="file://$USER_HOME$/.gradle/caches/transforms-2/files-2.1/b7dd0fc79243eeec5a001431355fbe4a/jetified-tensorflow-lite-0.0.0-nightly/AndroidManifest.xml" />
    </CLASSES>
    <JAVADOC />
    <SOURCES />
  </library>
</component>