<component name="libraryTable">
  <library name="Gradle: androidx.core:core-ktx:1.3.0@aar">
    <CLASSES>
      <root url="jar://$USER_HOME$/.gradle/caches/transforms-2/files-2.1/eddd3afdd70de58f8cd62a2efe1aaa1b/jetified-core-ktx-1.3.0/jars/classes.jar!/" />
      <root url="file://$USER_HOME$/.gradle/caches/transforms-2/files-2.1/eddd3afdd70de58f8cd62a2efe1aaa1b/jetified-core-ktx-1.3.0/res" />
      <root url="file://$USER_HOME$/.gradle/caches/transforms-2/files-2.1/eddd3afdd70de58f8cd62a2efe1aaa1b/jetified-core-ktx-1.3.0/AndroidManifest.xml" />
    </CLASSES>
    <JAVADOC />
    <SOURCES>
      <root url="jar://$USER_HOME$/.gradle/caches/modules-2/files-2.1/androidx.core/core-ktx/1.3.0/98b0507bcf3cd12d671bf6dac09262757b60351d/core-ktx-1.3.0-sources.jar!/" />
    </SOURCES>
  </library>
</component>