<component name="libraryTable">
  <library name="Gradle: androidx.savedstate:savedstate:1.0.0@aar">
    <CLASSES>
      <root url="jar://$USER_HOME$/.gradle/caches/transforms-2/files-2.1/3a332f7b3ba12f0d97b1eff5486f8fcf/jetified-savedstate-1.0.0/jars/classes.jar!/" />
      <root url="file://$USER_HOME$/.gradle/caches/transforms-2/files-2.1/3a332f7b3ba12f0d97b1eff5486f8fcf/jetified-savedstate-1.0.0/res" />
      <root url="file://$USER_HOME$/.gradle/caches/transforms-2/files-2.1/3a332f7b3ba12f0d97b1eff5486f8fcf/jetified-savedstate-1.0.0/AndroidManifest.xml" />
    </CLASSES>
    <JAVADOC />
    <SOURCES>
      <root url="jar://$USER_HOME$/.gradle/caches/modules-2/files-2.1/androidx.savedstate/savedstate/1.0.0/e6daf87ed227a6f80bb8accb466755a5ee01a652/savedstate-1.0.0-sources.jar!/" />
    </SOURCES>
  </library>
</component>