<component name="libraryTable">
  <library name="Gradle: androidx.camera:camera-camera2:1.0.0-alpha02@aar">
    <ANNOTATIONS>
      <root url="jar://$USER_HOME$/.gradle/caches/transforms-2/files-2.1/e36689310cafb3475908f32b0bbffedc/jetified-camera-camera2-1.0.0-alpha02/annotations.zip!/" />
    </ANNOTATIONS>
    <CLASSES>
      <root url="jar://$USER_HOME$/.gradle/caches/transforms-2/files-2.1/e36689310cafb3475908f32b0bbffedc/jetified-camera-camera2-1.0.0-alpha02/jars/classes.jar!/" />
      <root url="file://$USER_HOME$/.gradle/caches/transforms-2/files-2.1/e36689310cafb3475908f32b0bbffedc/jetified-camera-camera2-1.0.0-alpha02/res" />
      <root url="file://$USER_HOME$/.gradle/caches/transforms-2/files-2.1/e36689310cafb3475908f32b0bbffedc/jetified-camera-camera2-1.0.0-alpha02/AndroidManifest.xml" />
    </CLASSES>
    <JAVADOC />
    <SOURCES>
      <root url="jar://$USER_HOME$/.gradle/caches/modules-2/files-2.1/androidx.camera/camera-camera2/1.0.0-alpha02/febbd11a02c95212e4ddf7b2963e88999e58df5d/camera-camera2-1.0.0-alpha02-sources.jar!/" />
    </SOURCES>
  </library>
</component>