<component name="libraryTable">
  <library name="Gradle: org.jetbrains.kotlin:kotlin-android-extensions-runtime:1.3.72">
    <CLASSES>
      <root url="jar://$USER_HOME$/.gradle/caches/modules-2/files-2.1/org.jetbrains.kotlin/kotlin-android-extensions-runtime/1.3.72/83423235971335be77d2ea025008bc9959738ffc/kotlin-android-extensions-runtime-1.3.72.jar!/" />
    </CLASSES>
    <JAVADOC>
      <root url="jar://$USER_HOME$/.gradle/caches/modules-2/files-2.1/org.jetbrains.kotlin/kotlin-android-extensions-runtime/1.3.72/f3399b71a83521b6a2d366daaf5dc11184518ff6/kotlin-android-extensions-runtime-1.3.72-javadoc.jar!/" />
    </JAVADOC>
    <SOURCES>
      <root url="jar://$USER_HOME$/.gradle/caches/modules-2/files-2.1/org.jetbrains.kotlin/kotlin-android-extensions-runtime/1.3.72/46492b02491d9b3fbe80dd89f4921a7e4aacd2ec/kotlin-android-extensions-runtime-1.3.72-sources.jar!/" />
    </SOURCES>
  </library>
</component>