<component name="libraryTable">
  <library name="Gradle: javax.inject:javax.inject:1">
    <CLASSES>
      <root url="jar://$USER_HOME$/.gradle/caches/modules-2/files-2.1/javax.inject/javax.inject/1/6975da39a7040257bd51d21a231b76c915872d38/javax.inject-1.jar!/" />
    </CLASSES>
    <JAVADOC>
      <root url="jar://$USER_HOME$/.gradle/caches/modules-2/files-2.1/javax.inject/javax.inject/1/70ec961c25111ed9015d1af77772d96383c2d238/javax.inject-1-javadoc.jar!/" />
    </JAVADOC>
    <SOURCES>
      <root url="jar://$USER_HOME$/.gradle/caches/modules-2/files-2.1/javax.inject/javax.inject/1/a00123f261762a7c5e0ec916a2c7c8298d29c400/javax.inject-1-sources.jar!/" />
    </SOURCES>
  </library>
</component>