<component name="libraryTable">
  <library name="Gradle: com.google.android.gms:play-services-basement:17.0.0@aar">
    <CLASSES>
      <root url="jar://$USER_HOME$/.gradle/caches/transforms-2/files-2.1/93be7174b7be54dada154bbbe746f6ab/jetified-play-services-basement-17.0.0/jars/classes.jar!/" />
      <root url="file://$USER_HOME$/.gradle/caches/transforms-2/files-2.1/93be7174b7be54dada154bbbe746f6ab/jetified-play-services-basement-17.0.0/res" />
      <root url="file://$USER_HOME$/.gradle/caches/transforms-2/files-2.1/93be7174b7be54dada154bbbe746f6ab/jetified-play-services-basement-17.0.0/AndroidManifest.xml" />
    </CLASSES>
    <JAVADOC>
      <root url="jar://$USER_HOME$/.gradle/caches/modules-2/files-2.1/com.google.android.gms/play-services-basement/17.0.0/4faccf8c10bad282388a4067b8ef53d8476bbbc8/play-services-basement-17.0.0-javadoc.jar!/" />
    </JAVADOC>
    <SOURCES />
  </library>
</component>